{
  "test_mse": 0.6102687120437622,
  "test_rmse": 0.7811969739084773,
  "test_mae": 0.6104585528373718
}